Payment_type,MaxPassengerCountN1,freqMaxPassengerCountN1,MaxPassengerCountN2,freqMaxPassengerCountN2,MaxPassengerCountN3,freqMaxPassengerCountN3,MaxTripDistanceN1,freqMaxTripDistanceN1,MaxTripDistanceN2,freqMaxTripDistanceN2,MaxTripDistanceN3,freqMaxTripDistanceN3,MaxExtraPaidN1,freqMaxExtraPaidN1,MaxExtraPaidN2,freqMaxExtraPaidN2,MaxExtraPaidN3,freqMaxExtraPaidN3,MaxTipPaidN1,freqMaxTipPaidN1,MaxTipPaidN2,freqMaxTipPaidN2,MaxTipPaidN3,freqMaxTipPaidN3,MaxTotalPaidN1,freqMaxTotalPaidN1,MaxTotalPaidN2,freqMaxTotalPaidN2,MaxTotalPaidN3,freqMaxTotalPaidN3,MaxTollPaidN1,freqMaxTollPaidN1,MaxTollPaidN2,freqMaxTollPaidN2,MaxTollPaidN3,freqMaxTollPaidN3,MaxTimeN1,freqMaxTimeN1,MaxTimeN2,freqMaxTimeN2,MaxTimeN3,freqMaxTimeN3,AvgPassengerCounter,AvgTripDistance,AvgTipPaid,AvgTotalPaid,AvgTollPaid,AvgTime,RowEvaluated
CREDIT_CARD,192.0,1,9.0,121,8.0,129,833.1,1,830.8,1,801.4,1,30.5,1,26.0,1,20.2,1,496.0,1,441.71,1,441.11,1,5150.0,1,723.12,1,684.35,1,576.0,1,403.2,1,400.0,1,2158.0,6,2157.0,11,2156.0,14,1.5883848750088438,3.035026207329343,2.679579471077071,17.45585037762223,0.3812757433102596,16.604648713930484,37568498
CASH,9.0,23,8.0,33,7.0,39,189483.84,1,1061.2,1,943.5,1,81.92,1,66.66,7,25.0,1,9.0,1,6.56,1,6.05,1,349116.78,1,234632.69,1,8019.6,1,950.7,1,918.25,1,911.61,1,8852.0,1,7041.0,1,5697.0,1,1.6345054876900535,2.588765234101179,4.14637187025976E-6,13.125554277077143,0.22377365376098143,15.813828423751156,15994708
NO_CHARGE,8.0,1,7.0,1,6.0,1046,252.1,1,189.6,1,152.9,1,96.64,1,69.8,2,60.0,1,166.02,1,47.45,1,13.81,1,214750.23,1,200006.3,1,8017.3,1,1650.0,1,980.8,1,918.23,1,1439.0,5,1438.0,5,1437.0,2,1.2542014082384403,2.7353176334724747,-3.243714545826236E-4,14.56532028837695,0.44941240523831055,11.886170313436445,285321
DISPUTE,8.0,2,7.0,1,6.0,515,65.1,1,64.2,1,63.5,1,40.0,1,17.9,1,4.5,522,11.7,1,11.22,1,10.02,1,1124.8,1,960.2,1,930.3,1,910.9,1,765.76,2,734.37,1,1438.0,8,1437.0,4,1436.0,2,1.2900606154802612,2.874609617850482,-0.005155942610737796,12.890066443891826,0.4942682732845042,13.80643197596104,77208
